0.022260973161218302,0.8,3233,1567
0.023154150071665092,0.8,3383,1417
0.02267855344484548,0.8,3271,1529
0.021787499032887257,0.8,3151,1649
0.020980251939397784,0.8,2985,1815
0.020617763889501844,0.8,2939,1861
0.021636796941159435,0.8,3248,1552
0.023831931990584556,0.8,3455,1345
0.0243249122807847,0.8,3560,1240
0.025266864433455168,0.8,3730,1070
0.024541851781384006,0.8,3586,1214
0.022629216334497108,0.8,3291,1509
0.02168543268871204,0.8,3113,1687
0.02063422221274056,0.8,2918,1882
0.0204931781357424,0.8,2914,1886
0.02025148845075112,0.8,2866,1934
0.019935486311161852,0.8,2815,1985
0.020305155217680552,0.8,2891,1909
0.020954619938872533,0.8,3037,1763
0.023030478688237804,0.8,3392,1408
0.0257056242424723,0.8,3751,1049
0.02653560980189331,0.8,3925,875
0.02467568267753008,0.8,3616,1184
0.02297843848541863,0.8,3314,1486
0.02118897562656398,0.8,3031,1769
0.020036255409999777,0.8,2836,1964
0.01961222095086172,0.85,4323,477
0.01924835619058558,0.85,4324,476
0.019232533189226922,0.85,4290,510
0.019370983762099284,0.85,4338,462
0.02079591898162979,0.8,2977,1823
0.02249670080517736,0.8,3293,1507
0.02389030804116753,0.8,3497,1303
0.024804630164607093,0.8,3676,1124
0.024831858101082266,0.8,3637,1163
0.02231672752280181,0.8,3251,1549
0.020848481135754646,0.8,2957,1843
0.01942460003696637,0.85,4296,504
0.018788793171219193,0.85,4180,620
0.018502820017009786,0.85,4142,658
0.018206565216051622,0.85,4113,687
0.018241905966775718,0.85,4129,671
0.018114305551182288,0.85,4080,720
0.018310386029459166,0.85,4139,661
0.018347673014120734,0.85,4112,688
0.017946673725446918,0.85,4058,742
0.01785345776018743,0.85,4039,761
0.018348368054790395,0.85,4170,630
0.01944478422724033,0.85,4346,454
0.02012303424961745,0.8,2846,1954
0.020311065538435792,0.8,2873,1927
0.019461380882574097,0.85,4312,488
0.01859038204226994,0.85,4160,640
0.018146608762876788,0.85,4082,718
0.01832868661024845,0.85,4156,644
0.01992393565049849,0.8,2836,1964
0.0211978281417561,0.8,3050,1750
0.02196868726936348,0.8,3184,1616
0.022347056749272343,0.8,3234,1566
0.021318283892826733,0.8,3059,1741
0.020435358546192096,0.8,2899,1901
0.02017623518420713,0.8,2859,1941
0.019842071864487578,0.85,4388,412
0.019110946046947803,0.85,4272,528
0.018613494980238312,0.85,4180,620
0.018340388066315202,0.85,4118,682
0.01822671310811196,0.85,4103,697
0.019898018173116504,0.8,2958,1842
0.022184918836676455,0.8,3213,1587
0.022964517562633978,0.8,3384,1416
0.023712247876829056,0.8,3462,1338
0.022111505270410274,0.8,3186,1614
0.020909092531698197,0.8,2995,1805
0.0200861190623231,0.8,2821,1979
0.018970636482099443,0.85,4237,563
0.019004193602004657,0.85,4259,541
0.01876863870086877,0.85,4199,601
0.018335426928308585,0.85,4136,664
0.018350992884362947,0.85,4128,672
0.018422366219562655,0.85,4146,654
0.02004219385357748,0.8,2859,1941
0.021749732772630485,0.8,3111,1689
0.02255683934885639,0.8,3295,1505
0.021892978866537335,0.8,3127,1673
0.020248198115988464,0.8,2860,1940
0.01910742583623382,0.85,4245,555
0.01841288609255816,0.85,4130,670
0.01794963747880305,0.85,4070,730
0.01772138533302234,0.85,4018,782
0.017926942996427168,0.85,4077,723
0.018311297963836952,0.85,4125,675
0.01827636836626271,0.85,4112,688
0.018315598655704132,0.85,4125,675
0.018127470147843258,0.85,4079,721
0.018195563444389207,0.85,4124,676
0.018182666645569754,0.85,4085,715
0.018346704119158806,0.85,4156,644
0.018614805620021112,0.85,4180,620
0.018863010643642018,0.85,4254,546
0.019193078596883354,0.85,4288,512
0.01882363740901266,0.85,4210,590
0.01856855043438721,0.85,4167,633
0.01834616745657942,0.85,4118,682
0.01845229359267355,0.85,4165,635
0.019692554095445052,0.8,2825,1975
0.02086899614405882,0.8,2993,1807
0.021596306585199534,0.8,3125,1675
0.021753096872417083,0.8,3126,1674
0.02051581677309037,0.8,2914,1886
0.020204299326920628,0.8,2851,1949
0.019596013386540514,0.85,4353,447
0.01941160853022979,0.85,4347,453
0.019151915911716895,0.85,4262,538
0.018462310508010858,0.85,4158,642
0.018568576700761317,0.85,4172,628
0.01869224040693969,0.85,4196,604
0.01997139365762305,0.8,2941,1859
0.022530147351364018,0.8,3265,1535
0.023640908813153155,0.8,3461,1339
0.023396369401821656,0.8,3403,1397
0.022807692091015113,0.8,3329,1471
0.021600950092824943,0.8,3102,1698
0.02039752936410565,0.8,2884,1916
0.01979458772732054,0.85,4372,428
0.019214118537506302,0.85,4255,545
0.01878090610322509,0.85,4207,593
0.01827290851696148,0.85,4095,705
0.018100239640587892,0.85,4078,722
0.018878213011850352,0.85,4236,564
0.02119248148734638,0.8,3036,1764
0.022613924934205297,0.8,3233,1567
0.02308068739869176,0.8,3384,1416
0.022197919170903285,0.8,3160,1640
0.020414362293068335,0.8,2868,1932
0.019074574684903173,0.85,4256,544
0.018481913826765436,0.85,4154,646
0.01820361447466025,0.85,4111,689
0.017773998914600363,0.85,4030,770
0.017927431230152207,0.85,4058,742
0.01795481016083303,0.85,4038,762
0.017875144209517375,0.85,4073,727
0.01785563083630566,0.85,4019,781
0.017814706759000723,0.85,4053,747
0.01823028227174943,0.85,4104,696
0.018292081143644102,0.85,4128,672
0.01869841319733535,0.85,4231,569
0.020208150620692963,0.8,2862,1938
0.020102595637052214,0.8,2853,1947
0.02012304344562779,0.8,2861,1939
0.019081533020450236,0.85,4266,534
0.018913058379125786,0.85,4244,556
0.01840210732683683,0.85,4141,659
0.018384031824941253,0.85,4175,625
0.01997039700798325,0.8,2822,1978
0.021264672871349408,0.8,3073,1727
0.021624579099263904,0.8,3115,1685
0.02185551886354971,0.8,3160,1640
0.02097569473026507,0.8,3000,1800
0.020097984923720915,0.8,2837,1963
0.01981925033742929,0.85,4395,405
0.01974877067485771,0.85,4378,422
0.01914562752200583,0.85,4282,518
0.018596668438793807,0.85,4167,633
0.018502317681594983,0.85,4153,647
0.018404485803163187,0.85,4132,668
0.01962393212612561,0.8,2854,1946
0.0218660858701552,0.8,3123,1677
0.02223180387622359,0.8,3234,1566
0.02311277879958192,0.8,3360,1440
0.022293328786545035,0.8,3216,1584
0.02139594005734612,0.8,3085,1715
0.020949220776401073,0.8,3000,1800
0.02001933522614139,0.85,4401,399
0.01911748113795704,0.85,4254,546
0.018658662749963372,0.85,4157,643
0.018111649437873925,0.85,4072,728
0.01815887882658141,0.85,4101,699
0.019856959350991986,0.8,2807,1993
0.021144886007677798,0.8,3024,1776
0.022035641238381205,0.8,3185,1615
0.022162075844377512,0.8,3197,1603
0.021160888721794172,0.8,3036,1764
0.020465669485652094,0.8,2883,1917
0.01907302687387228,0.85,4239,561
0.01846179179253176,0.85,4141,659
0.018447200760375176,0.85,4166,634
0.01836242222249998,0.85,4139,661
0.01821813022449593,0.85,4101,699
0.01792568670233658,0.85,4035,765
0.017973054103523033,0.85,4058,742
0.01780009726193999,0.85,3998,802
0.017803726327781905,0.85,4084,716
0.018608785952578737,0.85,4195,605
0.018714599309862707,0.85,4211,589
0.019027390003565015,0.85,4266,534
0.01916243041609032,0.85,4263,537
0.019159188527206023,0.85,4273,527
0.018840658718672503,0.85,4208,592
0.018330924136251266,0.85,4111,689
0.018020974297303136,0.85,4066,734
0.017780329424098587,0.85,4019,781
0.01780990091732441,0.85,4051,749
0.01847933048602102,0.85,4156,644
0.019783218166989764,0.85,4398,402
0.020135997846870084,0.8,2859,1941
0.02002588999002704,0.8,2859,1941
0.01992171428647251,0.85,4390,410
0.020221296417737615,0.8,2848,1952
0.020086905023265378,0.8,2828,1972
0.019427652067914122,0.85,4327,473
0.018657211380785417,0.85,4173,627
0.018686375868277805,0.85,4183,617
0.01826084905582365,0.85,4102,698
0.01834926704841494,0.85,4180,620
0.019532062739333843,0.85,4327,473
0.02014828262235893,0.8,2872,1928
0.020592732642804864,0.8,2940,1860
0.021260270464863045,0.8,3049,1751
0.020610043770523705,0.8,2915,1885
0.0203211901526977,0.8,2880,1920
0.020246917116562315,0.8,2868,1932
0.019994437155980836,0.8,2821,1979
0.01920599001593274,0.85,4273,527
0.01857259543795839,0.85,4166,634
0.018007143763450285,0.85,4055,745
0.017450042445544996,0.85,3959,841
0.01857949991605457,0.85,4219,581
0.020647098414753005,0.8,2910,1890
0.02156426720364177,0.8,3084,1716
0.021659985170660274,0.8,3126,1674
0.020891900761930884,0.8,2986,1814
0.020412058063283715,0.8,2884,1916
0.019070403750534468,0.85,4256,544
0.018949396070488785,0.85,4238,562
0.01843528546538762,0.85,4125,675
0.018118928674515995,0.85,4125,675
0.018155069049698283,0.85,4071,729
0.01823849934667881,0.85,4127,673
0.017965294532194264,0.85,4033,767
0.017977686316295705,0.85,4079,721
0.01843565286921062,0.85,4130,670
0.018395303013271892,0.85,4167,633
0.018879900343557722,0.85,4247,553
0.019206022961964102,0.85,4264,536
0.019257101375726567,0.85,4305,495
0.01974675438641656,0.85,4372,428
0.01935686078657849,0.85,4318,482
0.018969776536239623,0.85,4230,570
0.019003762230977436,0.85,4254,546
0.018258986869147214,0.85,4111,689
0.018283013152096045,0.85,4155,645
0.019741859095867495,0.85,4399,401
0.02086913309101745,0.8,2972,1828
0.02111927417781302,0.8,3013,1787
0.021401737264810632,0.8,3056,1744
0.020802874282290686,0.8,2956,1844
0.020140629433830045,0.8,2837,1963
0.01967566260243517,0.85,4363,437
0.019611792239446202,0.85,4352,448
0.018827634764125627,0.85,4212,588
0.018284604108034983,0.85,4112,688
0.01795731655020995,0.85,4052,748
0.018622782622275524,0.85,4253,547
0.020330813395610756,0.8,2856,1944
0.02134013403518311,0.8,3066,1734
0.021630291732903265,0.8,3103,1697
0.021652876612684634,0.8,3114,1686
0.021098968079259383,0.8,2993,1807
0.020470513031746344,0.8,2901,1899
0.020306955414119414,0.8,2865,1935
0.020117280236457296,0.8,2840,1960
0.01903813798967453,0.85,4254,546
0.018488980485563442,0.85,4160,640
0.01854407500574161,0.85,4171,629
0.018016723742375094,0.85,4045,755
0.018906937742998543,0.85,4324,476
0.020114709450533393,0.85,4396,404
0.020637563518570965,0.8,2959,1841
0.020834530301657734,0.8,2918,1882
0.02045969761046728,0.8,2906,1894
0.019915909332936577,0.85,4398,402
0.01905420235026182,0.85,4255,545
0.019208664334024038,0.85,4324,476
0.019385985035071104,0.85,4300,500
0.018836285217424975,0.85,4265,535
0.018889074034744026,0.85,4213,587
0.01875580273241754,0.85,4199,601
0.01905664837132802,0.85,4276,524
0.019087733872471917,0.85,4255,545
0.019121532321249385,0.85,4274,526
0.019604362976400374,0.85,4339,461
0.018938119142676874,0.85,4213,587
0.018767396219142408,0.85,4207,593
0.018574294992466673,0.85,4147,653
0.01843645411863931,0.85,4155,645
0.017888002623684014,0.85,4034,766
0.017713554024056055,0.85,4019,781
0.017737496523180452,0.85,4006,794
0.017425745820336323,0.85,3919,881
0.017962188084254475,0.85,4117,683
0.02013972519460469,0.8,2834,1966
0.020161957611382668,0.8,2865,1935
0.020161957611382668,0.8,2901,1899
0.020161957611382668,0.8,2831,1969
0.019925360246052376,0.8,2858,1942
0.020035855868230455,0.8,2814,1986
0.01996817545886367,0.8,2825,1975
0.01941780441892467,0.85,4263,537
0.018627918936582204,0.85,4167,633
0.017881282763747872,0.85,4040,760
0.01765641230229567,0.85,3998,802
0.017834228157283742,0.85,4037,763
0.019096331099025664,0.85,4288,512
0.020518520317453208,0.8,2908,1892
0.021089570634534274,0.8,3014,1786
0.02095849011372173,0.8,2999,1801
0.020461788283894278,0.8,2888,1912
0.02043388478910869,0.8,2883,1917
0.020824525572050806,0.8,2974,1826
0.01968651739348238,0.85,4390,410
0.01868192428420812,0.85,4173,627
0.01777609977487466,0.85,4020,780
0.017738000497571196,0.85,3998,802
0.018606457074857474,0.85,4235,565
0.02081747411380699,0.8,2927,1873
0.02135394323364455,0.8,3038,1762
0.02172236330926754,0.8,3150,1650
0.021649668134260756,0.8,3086,1714
0.02044771323321985,0.8,2900,1900
0.019540679054973406,0.85,4338,462
0.019438746431633968,0.85,4328,472
0.018924103897512548,0.85,4229,571
0.018419059940227366,0.85,4154,646
0.017959668299718522,0.85,4039,761
0.017431785855084373,0.85,3938,862
0.01740623431061681,0.85,3979,821
0.01792254128415555,0.85,4076,724
0.01867374719115015,0.85,4196,604
0.018590332926435117,0.85,4173,627
0.01867003339082214,0.85,4200,600
0.019279454106229853,0.85,4312,488
0.01979540244027332,0.8,2818,1982
0.019817134331253726,0.85,4402,398
0.019831052564566472,0.85,4388,412
0.019291287922395938,0.85,4272,528
0.018279542281334396,0.85,4112,688
0.017763898998543727,0.85,4028,772
0.017793789454262965,0.85,4042,758
0.018723658080673878,0.85,4232,568
0.019460089486284592,0.85,4338,462
0.020149138043084148,0.8,2859,1941
0.020740465947522723,0.8,2938,1862
0.020138973158421287,0.8,2860,1940
0.020236900767499972,0.8,2859,1941
0.020032764395945108,0.8,2812,1988
0.019281189298518266,0.85,4295,505
0.018700151034480077,0.85,4177,623
0.018330934407542264,0.85,4130,670
0.018279675203793068,0.85,4118,682
0.01805280754090582,0.85,4070,730
0.01888863584759077,0.85,4275,525
0.020396644550029257,0.8,2879,1921
0.02092565582079672,0.8,3009,1791
0.02140329563007228,0.8,3083,1717
0.021213328090763085,0.8,3028,1772
0.020788572605027037,0.8,2951,1849
0.020220405462772147,0.8,2847,1953
0.020029204398295145,0.8,2825,1975
0.019073119454010537,0.85,4246,554
0.018293760268044003,0.85,4124,676
0.018497205400734868,0.85,4175,625
0.01839281086577868,0.85,4140,660
0.01913838055512494,0.85,4335,465
0.021005559295957203,0.8,2959,1841
0.021426698535817017,0.8,3111,1689
0.022015501025934282,0.8,3184,1616
0.020570886081144886,0.8,2928,1872
0.019726145983317626,0.85,4364,436
0.01898348176346422,0.85,4226,574
0.0187241218575311,0.85,4212,588
0.018411437067660186,0.85,4125,675
0.018082027649972705,0.85,4102,698
0.018157194787643903,0.85,4103,697
0.01801075200702948,0.85,4059,741
0.018027781472825393,0.85,4102,698
0.01839936352403252,0.85,4134,666
0.018512549620631383,0.85,4168,632
0.018577315343262662,0.85,4168,632
0.01848229218860764,0.85,4157,643
0.01878551583046107,0.85,4212,588
0.01894823321468027,0.85,4238,562
0.018878633767258117,0.85,4236,564
0.019045514817895823,0.85,4258,542
0.01900876211621783,0.85,4247,553
0.018775678493724954,0.85,4198,602
0.018576732030791566,0.85,4158,642
0.01847238155761492,0.85,4140,660
0.018946274379610023,0.85,4301,499
0.019537662038586354,0.85,4363,437
0.01996262823060447,0.8,2845,1955
0.0207576994854035,0.8,2944,1856
0.020270366581833836,0.8,2870,1930
0.019936852035510044,0.8,2811,1989
0.019735950010122127,0.85,4369,431
0.019155440843698558,0.85,4267,533
0.018777093301937775,0.85,4196,604
0.018417027292500453,0.85,4125,675
0.0178639283682484,0.85,4028,772
0.017640914499324468,0.85,3984,816
0.018769870594784514,0.85,4275,525
0.020625370986671093,0.8,2911,1889
0.02077886937998376,0.8,2962,1838
0.02088137625207314,0.8,2989,1811
0.020404837692907272,0.8,2884,1916
0.02050422987496058,0.8,2912,1888
0.02069718069704827,0.8,2937,1863
0.020382773753017763,0.8,2905,1895
0.01966043535263005,0.85,4353,447
0.018722594907782573,0.85,4190,610
0.01834039872530157,0.85,4130,670
0.01830252120218535,0.85,4138,662
0.0194221599385953,0.85,4351,449
0.020628516485643598,0.8,2909,1891
0.021495363184909678,0.8,3101,1699
0.02157377139292655,0.8,3085,1715
0.020070915505180177,0.8,2849,1951
0.020024213502404874,0.8,2852,1948
0.019691619923066825,0.85,4370,430
0.018775179484812634,0.85,4244,556
0.0188596118907308,0.85,4212,588
0.018116704517993253,0.85,4072,728
0.01778496863520245,0.85,4036,764
0.017645798331786665,0.85,3998,802
0.018278202889578828,0.85,4155,645
0.0189131881031929,0.85,4228,572
0.01918750706117183,0.85,4290,510
0.019370452143737317,0.85,4302,498
0.01917501042356537,0.85,4266,534
0.019316853590811353,0.85,4304,496
0.019283754677909503,0.85,4282,518
0.019009234636904564,0.85,4256,544
0.0186725066986184,0.85,4168,632
0.018426296417195953,0.85,4133,667
0.018276518173150673,0.85,4098,702
0.017837984453200173,0.85,4044,756
0.018322702760065496,0.85,4139,661
0.018988191230187405,0.85,4282,518
0.01941724069011549,0.85,4337,463
0.020307885829422563,0.8,2879,1921
0.02102726774874767,0.8,3017,1783
0.020469578060955108,0.8,2906,1894
0.019862742559454635,0.85,4395,405
0.01958529973968048,0.85,4352,448
0.019436517312316118,0.85,4324,476
0.0189577537130981,0.85,4238,562
0.018697391843330784,0.85,4207,593
0.01850709343073915,0.85,4157,643
0.018145201177546783,0.85,4100,700
0.018821038630370712,0.85,4271,529
0.02018974640089516,0.8,2856,1944
0.021103644137106654,0.8,3038,1762
0.021251320718697987,0.8,3028,1772
0.020716674591601612,0.8,2952,1848
0.02075810353289064,0.8,2955,1845
0.020242713851006656,0.8,2868,1932
0.02009394563688291,0.8,2858,1942
0.019889700568508677,0.85,4395,405
0.01908459115962926,0.85,4259,541
0.018107902671519557,0.85,4090,710
0.018360527631435385,0.85,4157,643
0.019620626974152688,0.85,4378,422
0.020528793937948014,0.8,2898,1902
0.021106849660028574,0.8,3017,1783
0.02109449099216152,0.8,3001,1799
0.01998440744729874,0.8,2826,1974
0.019734456037115156,0.85,4378,422
0.019476421878503642,0.85,4305,495
0.019384694812338635,0.85,4338,462
0.01926120218807074,0.85,4287,513
0.018408809692554293,0.85,4153,647
0.018132552697397955,0.85,4057,743
0.017965047136586927,0.85,4056,744
0.017833874979411676,0.85,4053,747
0.01852767333625171,0.85,4178,622
0.0184710293511696,0.85,4148,652
0.018630028532706237,0.85,4188,612
0.018877275086058534,0.85,4222,578
0.019408703473286933,0.85,4363,437
0.019520990080603345,0.85,4336,464
0.01938513170753467,0.85,4329,471
0.018844343635546667,0.85,4209,591
0.018047735290631382,0.85,4078,722
0.017996878095440795,0.85,4080,720
0.01829826035933381,0.85,4131,669
0.018643153672834343,0.85,4210,590
0.019866900725395324,0.8,2819,1981
0.020950679564988098,0.8,2993,1807
0.020955889016829373,0.8,3014,1786
0.021146514148670702,0.8,3048,1752
0.020911893379087155,0.8,2969,1831
0.02044725155022609,0.8,2891,1909
0.019522864032516137,0.85,4353,447
0.019333141098193996,0.85,4326,474
0.019129478929761,0.85,4266,534
0.018283430546918125,0.85,4119,681
0.018367360001295224,0.85,4128,672
0.01821930947155003,0.85,4086,714
0.018355949169474733,0.85,4167,633
0.019452867774297,0.85,4326,474
0.01970063245058776,0.85,4380,420
0.01987531929537941,0.8,2820,1980
0.02035592163709822,0.8,2887,1913
0.02047058608194085,0.8,2926,1874
0.020228058686054175,0.8,2862,1938
0.020538241881643535,0.8,2934,1866
0.019987520939766006,0.8,2812,1988
0.019298677201923485,0.85,4325,475
0.018640245528204778,0.85,4185,615
0.018126342995218314,0.85,4091,709
0.018555288543720804,0.85,4199,601
0.01912961361405554,0.85,4261,539
0.01969105763709034,0.85,4399,401
0.02036137795111992,0.8,2871,1929
0.020599225083565542,0.8,2935,1865
0.020824652685916177,0.8,2960,1840
0.020657983699929695,0.8,2940,1860
0.020691888121248003,0.8,2936,1864
0.019842210649171542,0.85,4391,409
0.018961182361704364,0.85,4230,570
0.018069144182086334,0.85,4073,727
0.017650846198073365,0.85,3984,816
0.01793183696110902,0.85,4098,702
0.01891177779490895,0.85,4233,567
0.019956137969246255,0.8,2807,1993
0.02009801783669471,0.8,2819,1981
0.020140435477293828,0.8,2866,1934
0.019597800301127028,0.85,4353,447
0.01896301712102796,0.85,4237,563
0.018705619583562223,0.85,4186,614
0.01837071232952226,0.85,4125,675
0.01798485895034485,0.85,4066,734
0.017889470789325776,0.85,4042,758
0.017939562641743886,0.85,4050,750
0.017893516967387946,0.85,4031,769
0.018409681299945226,0.85,4172,628
0.019039208000081468,0.85,4262,538
0.019328147965780473,0.85,4329,471
0.020212023973916575,0.8,2864,1936
0.020613490104861187,0.8,2936,1864
0.020778026160433585,0.8,2969,1831
0.021114980704812696,0.8,3006,1794
0.020388283213450223,0.8,2874,1926
0.019120243283643427,0.85,4267,533
0.01893998848644957,0.85,4254,546
0.01848406131441779,0.85,4139,661
0.01811453606143666,0.85,4129,671
0.01860901862291063,0.85,4181,619
0.018863234742290385,0.85,4234,566
0.019379860440287937,0.85,4338,462
0.01979056889360663,0.85,4388,412
0.020425292712710878,0.8,2913,1887
0.020775878411378276,0.8,2927,1873
0.020948031583806044,0.8,2994,1806
0.020870847864485908,0.8,2951,1849
0.01890815217452803,0.85,4237,563
0.018461506566869224,0.85,4157,643
0.017932191693786924,0.85,4052,748
0.017803932930756935,0.85,4079,721
0.019062911754872302,0.85,4265,535
0.019925879422641398,0.8,2809,1991
0.0201473441851391,0.8,2848,1952
0.02036720372948021,0.8,2888,1912
0.019958171045029567,0.8,2821,1979
0.020029326700413987,0.8,2832,1968
0.020259759068738212,0.8,2882,1918
0.020080039679434367,0.8,2847,1953
0.01923362830956457,0.85,4288,512
0.018766975418336926,0.85,4206,594
0.01790948196250828,0.85,4052,748
0.017739967259789848,0.85,4026,774
0.0183374670472198,0.85,4127,673
0.018943795007297162,0.85,4245,555
0.019346847892537322,0.85,4304,496
0.019516435613359747,0.85,4343,457
0.019102381815065076,0.85,4256,544
0.018207941472153932,0.85,4112,688
0.018423193304100582,0.85,4153,647
0.018339753786301087,0.85,4117,683
0.017650096725959085,0.85,3999,801
0.01765346496568629,0.85,3994,806
0.01770733455874865,0.85,3985,815
0.017277776819931687,0.85,3952,848
0.017476283624859316,0.85,4006,794
0.01871953481934959,0.85,4238,562
0.018963633614302533,0.85,4259,541
0.019451793160966274,0.85,4366,434
0.02020268598178273,0.8,2838,1962
0.020162561109669856,0.8,2889,1911
0.020351886527705507,0.8,2875,1925
0.021049258926713083,0.8,3037,1763
0.02087160286386248,0.8,2963,1837
0.01988637873000753,0.8,2826,1974
0.018735532535976672,0.85,4211,589
0.01845426840150356,0.85,4159,641
0.01821376292369169,0.85,4111,689
0.01857846108504782,0.85,4245,555
0.01942907011760137,0.85,4311,489
0.019600020747694517,0.85,4376,424
0.020798326103161086,0.8,2937,1863
0.020587959839749138,0.8,2918,1882
0.02073317987039132,0.8,2961,1839
0.021088358499937534,0.8,2991,1809
0.02089548299235748,0.8,2969,1831
0.019595898108581977,0.85,4353,447
0.01863057839339136,0.85,4169,631
0.018053129751304468,0.85,4058,742
0.0182333562872738,0.85,4139,661
0.01931222292581027,0.85,4310,490
0.019704738624119464,0.85,4371,429
0.019873323202565397,0.85,4389,411
0.020280509904506756,0.8,2846,1954
0.02054778136615186,0.8,2939,1861
0.02052694848189377,0.8,2898,1902
0.02017470379247979,0.8,2838,1962
0.01972094179892601,0.85,4353,447
0.018928475949991894,0.85,4191,609
0.018296699182203117,0.85,4117,683
0.01799339538194853,0.85,4060,740
0.017862214186922624,0.85,4036,764
0.018319762473972875,0.85,4139,661
0.019051079083584072,0.85,4259,541
0.019227088416718656,0.85,4287,513
0.019640643505403337,0.85,4373,427
0.019741564646559795,0.85,4359,441
0.019433934399094913,0.85,4324,476
0.018769452796553752,0.85,4189,611
0.01831078679729341,0.85,4117,683
0.018006782433795963,0.85,4057,743
0.017714456713260794,0.85,4017,783
0.017629163022073003,0.85,4006,794
0.01784563127566948,0.85,4039,761
0.018499676503156794,0.85,4189,611
0.019078292481911896,0.85,4267,533
0.019701594322801105,0.85,4391,409
0.020620439742682725,0.8,2917,1883
0.0202310013106637,0.8,2868,1932
0.020431215335167976,0.8,2898,1902
0.020434996159421147,0.8,2884,1916
0.01993690955737691,0.8,2818,1982
0.019666803065858184,0.85,4349,451
0.0184379757454035,0.85,4149,651
0.017628431282802542,0.85,3997,803
0.017551369030035666,0.85,3967,833
0.017936136092298532,0.85,4087,713
0.019026737205931257,0.85,4254,546
0.019702544296792215,0.85,4376,424
0.020290134339661127,0.8,2882,1918
0.020625168622259715,0.8,2939,1861
0.020770697488684178,0.8,2960,1840
0.02065605964927918,0.8,2927,1873
0.02064470123536912,0.8,2930,1870
0.019952126494738754,0.8,2809,1991
0.019111213328467633,0.85,4266,534
0.018454654357252152,0.85,4142,658
0.01818592831161672,0.85,4101,699
0.01853700991512238,0.85,4205,595
0.020078934836880537,0.8,2839,1961
0.02117125396508208,0.8,3022,1778
0.02108004949331648,0.8,3024,1776
0.02079465064844212,0.8,2962,1838
0.02019278489282275,0.8,2852,1948
0.019615571677307285,0.85,4351,449
0.01925521249551776,0.85,4291,509
0.019276191784197597,0.85,4299,501
0.018999434408355345,0.85,4247,553
0.018756559000980107,0.85,4220,580
0.018672328780189266,0.85,4172,628
0.018569707677018283,0.85,4176,624
0.01885632945617184,0.85,4229,571
0.01893433520340279,0.85,4226,574
0.019152427131902534,0.85,4299,501
0.01984099555252225,0.85,4399,401
0.01973170043787992,0.85,4385,415
0.01986878931833748,0.85,4388,412
0.019310653067887634,0.85,4288,512
0.019004248235798875,0.85,4239,561
0.018846703261991837,0.85,4211,589
0.01830953499967216,0.85,4123,677
0.01798707294574289,0.85,4072,728
0.017907631668231012,0.85,4058,742
0.018200113861653346,0.85,4123,677
0.018908340192249944,0.85,4258,542
0.019556023496273903,0.85,4351,449
0.019941392645869735,0.8,2824,1976
0.01961685571304888,0.85,4353,447
0.020079467133041293,0.8,2860,1940
0.020509223016590684,0.8,2905,1895
0.019729522022404234,0.8,2810,1990
0.019910560773827267,0.8,2838,1962
0.01932152037972963,0.85,4297,503
0.01873224439201935,0.85,4212,588
0.020455984221688765,0.85,4223,577
0.020455984221688765,0.85,4277,523
0.020455984221688765,0.85,4385,415
0.020613583038425358,0.85,4385,415
0.02047148172192426,0.8,2894,1906
0.020489442690477793,0.8,2887,1913
0.020143345400351363,0.8,2847,1953
0.02069244210143644,0.8,2989,1811
0.021064664501730772,0.8,3044,1756
0.020510108729148914,0.8,2950,1850
0.01949481049692915,0.85,4306,494
0.018970354658385407,0.85,4228,572
0.01844252448030883,0.85,4139,661
0.017756510784941913,0.85,4019,781
0.018559905447337523,0.85,4236,564
0.019700956902340312,0.85,4335,465
0.02015791072148712,0.8,2872,1928
0.020327477248090538,0.8,2861,1939
0.020326745237082805,0.8,2888,1912
0.019843051343244836,0.85,4383,417
0.019781313614708904,0.85,4386,414
0.01988809533829691,0.85,4401,399
0.01937990935481937,0.85,4310,490
0.018930969341650897,0.85,4245,555
0.018105008588833862,0.85,4086,714
0.01793115600482455,0.85,4071,729
0.018304734904514924,0.85,4127,673
0.01857282504045218,0.85,4194,606
0.01898066434149418,0.85,4253,547
0.019008230097672496,0.85,4236,564
0.018546914445043795,0.85,4148,652
0.01845053608515135,0.85,4134,666
0.018626042270227034,0.85,4184,616
0.018540529406618638,0.85,4156,644
0.018520081421037306,0.85,4179,621
0.018324271598169323,0.85,4102,698
0.017711269925516186,0.85,4000,800
0.017702181628861974,0.85,4017,783
0.01819293861167755,0.85,4127,673
0.019002985326349073,0.85,4271,529
0.02068621904357894,0.8,2931,1869
0.021372581441682015,0.8,3065,1735
0.020781536700346992,0.8,2976,1824
0.020685572796025502,0.8,2951,1849
0.020662620171675052,0.8,2936,1864
0.01987942205282489,0.8,2817,1983
0.01952556446597259,0.85,4336,464
0.01930383317815985,0.85,4301,499
0.018785509423037847,0.85,4210,590
0.01845632093748027,0.85,4158,642
0.01872042542736884,0.85,4212,588
0.01988132193127708,0.8,2859,1941
0.021166247993328332,0.8,3014,1786
0.02187573155281133,0.8,3183,1617
0.022311308146871805,0.8,3234,1566
0.020913893658778434,0.8,2977,1823
0.020533182187756807,0.8,2950,1850
0.02052048131962428,0.8,2918,1882
0.019902938748408,0.8,2848,1952
0.01983814256051896,0.85,4403,397
0.019216306355460618,0.85,4267,533
0.0188378168783913,0.85,4205,595
0.018432819433532324,0.85,4135,665
0.019039950432358628,0.85,4334,466
0.021037972741280123,0.8,2974,1826
0.02149568660562141,0.8,3083,1717
0.02164422006957073,0.8,3113,1687
0.021250246784281265,0.8,3038,1762
0.020861226543651135,0.8,2969,1831
0.020268672317897442,0.8,2853,1947
0.019633401446625735,0.85,4343,457
0.01883530115976123,0.85,4200,600
0.018218155766940504,0.85,4082,718
0.01799216600158837,0.85,4058,742
0.017744954479005013,0.85,3999,801
0.01782450300862629,0.85,4077,723
0.018201642291955415,0.85,4092,708
0.018146663434052555,0.85,4103,697
0.018452446967014292,0.85,4157,643
0.018898269921841977,0.85,4220,580
0.01878356914380297,0.85,4222,578
0.019139500886358612,0.85,4275,525
0.018964043907030367,0.85,4220,580
0.018646478123464094,0.85,4177,623
0.018161131274179537,0.85,4079,721
0.017717409906455518,0.85,3999,801
0.01734044964418502,0.85,3930,870
0.017459821456538117,0.85,4015,785
0.019533213306625764,0.85,4335,465
0.020585212892428775,0.8,2914,1886
0.02108479679201747,0.8,3024,1776
0.021502514066890972,0.8,3085,1715
0.02108842522467032,0.8,3006,1794
0.020950493994045197,0.8,2976,1824
0.02113536808845541,0.8,3022,1778
0.02056992131723631,0.8,2933,1867
0.01958803745053313,0.85,4358,442
0.01943018859077869,0.85,4326,474
0.019126539739442595,0.85,4259,541
0.018582726358659075,0.85,4175,625
0.018972757714546033,0.85,4276,524
0.019799862112945894,0.85,4402,398
0.020694200636855176,0.8,2960,1840
0.021091425619974177,0.8,3001,1799
0.020993425170821763,0.8,2986,1814
0.020964357672986628,0.8,2976,1824
0.020621748670086204,0.8,2929,1871
0.0203122615826808,0.8,2871,1929
0.020102352684291298,0.8,2826,1974
0.018915243183422553,0.85,4230,570
0.018419908250383463,0.85,4141,659
0.018599910850711544,0.85,4207,593
0.01952483292104491,0.85,4393,407
0.020630017815467187,0.8,2910,1890
0.020735307725980416,0.8,2950,1850
0.02085585181438106,0.8,2962,1838
0.020939136927675607,0.8,2993,1807
0.020688365266274766,0.8,2925,1875
0.020456636218505925,0.8,2880,1920
0.0203239978839221,0.8,2868,1932
0.019796036746938864,0.85,4378,422
0.018435034789281157,0.85,4158,642
0.018189097040905863,0.85,4102,698
0.0182549178255171,0.85,4140,660
0.01813221818968425,0.85,4082,718
0.018148783503711543,0.85,4124,676
0.018527829016473915,0.85,4125,675
0.018716006228865205,0.85,4227,573
0.019083703487891863,0.85,4267,533
0.018817186569452637,0.85,4212,588
0.018713049236444464,0.85,4190,610
0.018905169818863036,0.85,4247,553
0.01871399716350491,0.85,4189,611
0.01834753073675356,0.85,4125,675
0.01787001656945742,0.85,4029,771
0.018077052610780513,0.85,4101,699
0.018505216460739334,0.85,4155,645
0.019117496166306123,0.85,4310,490
0.020069434340873972,0.8,2836,1964
0.020081079353341195,0.8,2852,1948
0.020439050165000534,0.8,2902,1898
0.0202361049070657,0.8,2867,1933
0.020141650876897767,0.8,2848,1952
0.020393997723584422,0.8,2886,1914
0.020092865262745323,0.8,2830,1970
0.01912935657525165,0.85,4263,537
0.01882000542038071,0.85,4194,606
0.018194376906890717,0.85,4105,695
0.017794140464386828,0.85,4038,762
0.01832445447455662,0.85,4156,644
0.018997504331924105,0.85,4235,565
0.01894067327712151,0.85,4239,561
0.019140988214594958,0.85,4266,534
0.01982581739956244,0.8,2811,1989
0.02100933303689996,0.8,3025,1775
0.02172533626477402,0.8,3148,1652
0.02235233083466524,0.8,3269,1531
0.021458988064989006,0.8,3064,1736
0.020376572449584296,0.8,2886,1914
0.019864778319057894,0.8,2812,1988
0.019145886628664347,0.85,4259,541
0.018870379832459677,0.85,4245,555
0.01933247417410143,0.85,4327,473
0.019245423521528415,0.85,4290,510
0.019012059357162422,0.85,4227,573
0.019435871423560326,0.8,2809,1991
0.020687383621345333,0.8,2974,1826
0.021183248305598375,0.8,3058,1742
0.02196149172127871,0.8,3196,1604
0.022150099283508876,0.8,3184,1616
0.02037238498058452,0.8,2891,1909
0.019892372143831726,0.8,2818,1982
0.019727064007755583,0.85,4371,429
0.019909518297187914,0.8,2887,1913
0.0207444686439387,0.8,2978,1822
0.02158896440030255,0.8,3196,1604
0.02273091133061215,0.8,3315,1485
0.022477518041229917,0.8,3248,1552
0.020650983963789622,0.8,2919,1881
0.01947576631531689,0.85,4318,482
0.01898585268200841,0.85,4255,545
0.018588508699806494,0.85,4170,630
0.018706206326348094,0.85,4229,571
0.018829348911943364,0.85,4196,604
0.018525851710254473,0.85,4172,628
0.018525493183240205,0.85,4157,643
0.019291369585269114,0.8,2812,1988
0.020163128164913315,0.8,2852,1948
0.02012812274120154,0.8,2888,1912
0.020531104160913614,0.8,2902,1898
0.02119038968542416,0.8,3085,1715
0.021697933672802056,0.8,3160,1640
0.022070658519016982,0.8,3248,1552
0.022609965625462768,0.8,3295,1505
0.021788399150496712,0.8,3148,1652
0.020899482230892802,0.8,2984,1816
0.02025348571270543,0.8,2859,1941
0.019521011672087158,0.85,4336,464
0.01905290779493215,0.85,4253,547
0.018970682692846564,0.85,4246,554
0.018798551784753238,0.85,4208,592
0.018702263139524104,0.85,4200,600
0.019646971120248387,0.8,2821,1979
0.02199525696279106,0.8,3228,1572
0.022700080128556746,0.8,3294,1506
0.023133885271505897,0.8,3402,1398
0.022782512798892963,0.8,3314,1486
0.02101150567926325,0.8,3014,1786
0.019787374521880285,0.85,4387,413
0.01956892648407838,0.85,4341,459
0.019426660583262333,0.85,4303,497
0.01926472159768432,0.85,4300,500
0.01928589198779063,0.85,4312,488
0.01921242684548632,0.85,4265,535
0.019250574912975146,0.85,4305,495
0.020051351064317657,0.8,2851,1949
0.020887426326999498,0.8,3009,1791
0.02071714902424647,0.8,2947,1853
0.020182643241363065,0.8,2860,1940
0.020017586296693465,0.8,2821,1979
0.019316339721282397,0.85,4294,506
0.019175974759569593,0.85,4287,513
0.018874461741900203,0.85,4210,590
0.01886597550701949,0.85,4265,535
0.019234486998523016,0.85,4286,514
0.01899838235626563,0.85,4256,544
0.019315599429908237,0.85,4294,506
0.01896967236797402,0.85,4230,570
0.018637724710628113,0.85,4184,616
0.018460985645284644,0.85,4127,673
0.01849514977181752,0.85,4167,633
0.01853571356635914,0.85,4156,644
0.018314360120072426,0.85,4127,673
0.018427486549180243,0.85,4140,660
0.018771293897079405,0.85,4219,581
0.01917722102821052,0.85,4296,504
0.019773736552557902,0.85,4391,409
0.020094090203209392,0.8,2826,1974
0.020308014765152475,0.8,2883,1917
0.020414567325814197,0.8,2884,1916
0.01988628185353842,0.8,2808,1992
0.019991363721962474,0.8,2828,1972
0.019918895007945466,0.85,4402,398
0.019038129990336362,0.85,4248,552
0.018105089175372423,0.85,4090,710
0.018293777600467215,0.85,4129,671
0.018179205419660515,0.85,4071,729
0.018125992034029485,0.85,4139,661
0.019411243455144986,0.85,4311,489
0.01965675944588982,0.85,4381,419
0.02034252927227141,0.8,2889,1911
0.020406924087924556,0.8,2890,1910
0.02087186477715696,0.8,2994,1806
0.021210436562806797,0.8,3014,1786
0.020532736776686544,0.8,2926,1874
0.020791859685099237,0.8,2976,1824
0.02031909818901729,0.8,2869,1931
0.019341593455211095,0.85,4336,464
0.019049479683954436,0.85,4260,540
0.01876913108295221,0.85,4195,605
0.019534939993176997,0.8,2816,1984
0.020875899049307218,0.8,2971,1829
0.02130487141267589,0.8,3101,1699
0.02188395633392437,0.8,3184,1616
0.02164487257871071,0.8,3114,1686
0.020352573428425835,0.8,2887,1913
0.0200925918299654,0.8,2839,1961
0.020014760927873604,0.8,2814,1986
0.019451354640818215,0.85,4348,452
0.019235968067223646,0.85,4268,532
0.01867227632683636,0.85,4159,641
0.018058269974888696,0.85,4067,733
0.018290662168110067,0.85,4134,666
0.018489700570435214,0.85,4156,644
0.019043081253136362,0.85,4285,515
0.019496687923835476,0.85,4317,483
0.01944696608856912,0.85,4335,465
0.019623759691225984,0.85,4352,448
0.019880562655884077,0.8,2817,1983
0.019262242975999155,0.85,4298,502
0.019345670225671657,0.85,4327,473
0.018630085058250683,0.85,4187,613
0.01798975980089337,0.85,4077,723
0.017776913857327187,0.85,4027,773
0.018654193527525304,0.85,4293,507
0.02081575790708031,0.8,2933,1867
0.021158593356697987,0.8,3037,1763
0.021659711447219128,0.8,3113,1687
0.021896802859688706,0.8,3125,1675
0.02107742954130891,0.8,3010,1790
0.020311579723568562,0.8,2873,1927
0.01999468390604774,0.8,2809,1991
0.01938789767173704,0.85,4306,494
0.01850686005352707,0.85,4167,633
0.018413428705805708,0.85,4139,661
0.018236779985972035,0.85,4104,696
0.01774064662208787,0.85,4027,773
0.01881921670192983,0.85,4281,519
0.020278561183411398,0.8,2851,1949
0.02015012568395366,0.8,2873,1927
0.02054782157448369,0.8,2919,1881
0.020209276967915572,0.8,2852,1948
0.019795393727077313,0.85,4375,425
0.019950466769056756,0.8,2827,1973
0.02001281277784106,0.8,2832,1968
0.019195837672845877,0.85,4287,513
0.01865609774705086,0.85,4180,620
0.018092154421959567,0.85,4068,732
0.01796411879696641,0.85,4073,727
0.019800466355330615,0.8,2820,1980
0.021346195750818513,0.8,3045,1755
0.02172621572373839,0.8,3149,1651
0.0224298237950023,0.8,3248,1552
0.02086565229533357,0.8,2989,1811
0.019506611561336602,0.85,4346,454
0.0188889895301363,0.85,4233,567
0.018715695828021094,0.85,4205,595
0.01878868011779172,0.85,4264,536
0.01931882862774801,0.85,4308,492
0.01899596909170938,0.85,4236,564
0.01923799157671502,0.85,4292,508
0.01913516590044079,0.85,4248,552
0.01889464217270641,0.85,4255,545
0.01860899383491922,0.85,4146,654
0.018558421533106068,0.85,4175,625
0.018958319182247205,0.85,4257,543
0.019173242280742964,0.85,4323,477
0.019653667612262206,0.85,4388,412
0.020207976562986545,0.8,2840,1960
0.020088188337170985,0.8,2832,1968
0.020019057303479842,0.85,4399,401
0.0196808269099234,0.85,4347,453
0.019312668295699633,0.85,4286,514
0.01992657822803616,0.8,2873,1927
0.021755250857877936,0.8,3159,1641
0.022986897036966086,0.8,3334,1466
0.023450010235684125,0.8,3402,1398
0.023166636701907117,0.8,3360,1440
0.021580353678477025,0.8,3085,1715
0.020250991966394783,0.8,2858,1942
0.019955825115247617,0.8,2821,1979
0.019976086704967297,0.8,2837,1963
0.019394570850610793,0.85,4331,469
0.01929523447588013,0.85,4296,504
0.018922940767699636,0.85,4210,590
0.01881056231108197,0.85,4233,567
0.021124735167171168,0.8,3121,1679
0.023149572068152286,0.8,3297,1503
0.023283177355805807,0.8,3437,1363
0.023970766056754897,0.8,3463,1337
0.02242400735009272,0.8,3270,1530
0.021372827524583686,0.8,3071,1729
0.020252532523362104,0.8,2860,1940
0.020248630983025366,0.8,2886,1914
0.01973774438709689,0.85,4348,452
0.019153462289928716,0.85,4318,482
0.019523693583307675,0.85,4325,475
0.01910056070601649,0.85,4237,563
0.019966132470143567,0.8,2947,1853
0.022496258771521786,0.8,3246,1554
0.023864762141070847,0.8,3497,1303
0.024603375279504104,0.8,3589,1211
0.02250933439234083,0.8,3270,1530
0.021232378554514635,0.8,3027,1773
0.02002501754548589,0.8,2817,1983
0.019227308874682797,0.85,4296,504
0.018613413940729906,0.85,4100,700
0.017940407140729163,0.85,4043,757
0.018161387237993352,0.85,4100,700
0.01819015838821134,0.85,4098,702
0.017994888410510487,0.85,4079,721
0.018393447973782912,0.85,4139,661
0.018482816274759922,0.85,4139,661
0.017862993543628945,0.85,4039,761
0.01808215288618383,0.85,4103,697
0.018591121323704492,0.85,4209,591
0.01903752830122063,0.85,4292,508
0.020763301238715875,0.8,2941,1859
0.021011766434856687,0.8,3005,1795
0.019976885129403828,0.8,2842,1958
0.019548932588193877,0.85,4334,466
0.0191383019532,0.85,4266,534
0.01922191022366282,0.85,4310,490
0.01967535325093239,0.8,2814,1986
0.02079471304398888,0.8,2986,1814
0.022303956478559206,0.8,3233,1567
0.023072129415130357,0.8,3384,1416
0.02209055131901578,0.8,3197,1603
0.02119988039154145,0.8,3040,1760
0.0203795824769952,0.8,2873,1927
0.019439377584347012,0.85,4311,489
0.019477937524410002,0.85,4352,448
0.0193694349883934,0.85,4325,475
0.019449987234206337,0.85,4347,453
0.019494146236155446,0.85,4327,473
0.02038638837378234,0.8,2964,1836
0.02235568328390739,0.8,3243,1557
0.02378675586411929,0.8,3498,1302
0.02432735234413352,0.8,3558,1242
0.02151258650338733,0.8,3331,1469
0.02151258650338733,0.8,3000,1800
0.02151258650338733,0.8,2874,1926
0.020240666276664043,0.8,2832,1968
0.020264702801763936,0.8,2860,1940
0.020370468933433732,0.8,2848,1952
0.020035932615331296,0.85,4371,429
0.020207715942804794,0.8,2813,1987
0.021476616807460023,0.8,3311,1489
0.024951205298308552,0.8,3557,1243
0.02527985285533317,0.8,3753,1047
0.02590526870387576,0.8,3791,1009
0.022636903259658427,0.8,3299,1501
0.02056585618401379,0.8,2927,1873
0.019553501166121052,0.85,4371,429
0.018987856958181077,0.85,4207,593
0.019422678032807707,0.85,4359,441
0.019831591991994735,0.85,4366,434
0.019402426142523504,0.85,4329,471
0.019274080397859245,0.85,4260,540
0.018995217018916957,0.85,4239,561
0.019169370215821793,0.85,4306,494
0.01905037048229155,0.85,4271,529
0.01911675928947324,0.85,4270,530
0.02008405498038,0.8,2884,1916
0.02180108405919077,0.8,3172,1628
0.022434819355599836,0.8,3247,1553
0.02219589177690832,0.8,3215,1585
0.021277342511384346,0.8,3049,1751
0.02044924342339455,0.8,2886,1914
0.019957052951907795,0.85,4402,398
0.02016607656899377,0.8,2868,1932
0.021700793751215555,0.8,3147,1653
0.022999776240937568,0.8,3330,1470
0.023480581366986903,0.8,3433,1367
0.024153146883077962,0.8,3558,1242
0.02492784005013651,0.8,3681,1119
0.02338487015383101,0.8,3400,1400
0.021849480306138574,0.8,3160,1640
0.020558350608798754,0.8,2909,1891
0.019943230649040786,0.8,2814,1986
0.01942700776379217,0.85,4318,482
0.01905582760648103,0.85,4261,539
0.018875951622566292,0.85,4221,579
0.018701722603145086,0.85,4189,611
0.019158022348415966,0.85,4304,496
0.02107227112274628,0.8,3012,1788
0.02194362732213536,0.8,3184,1616
0.02208560371165659,0.8,3195,1605
0.021493700636801186,0.8,3062,1738
0.02071754938194422,0.8,2934,1866
0.020114260336589168,0.8,2835,1965
0.02010009373177725,0.8,2837,1963
0.019818799101495282,0.85,4388,412
0.019142723467147123,0.85,4263,537
0.019146981798851354,0.85,4272,528
0.019349305221186143,0.85,4318,482
0.020445862504002023,0.8,2999,1801
0.022251458330086706,0.8,3197,1603
0.023437181991966597,0.8,3435,1365
0.024288348841841792,0.8,3524,1276
0.023331896689919834,0.8,3404,1396
0.021841157731847395,0.8,3160,1640
0.021023124014997296,0.8,2985,1815
0.019650613782315612,0.85,4320,480
0.019272454265162428,0.85,4244,556
0.018759474564136604,0.85,4171,629
0.018531318280957363,0.85,4153,647
0.018628850941918906,0.85,4190,610
0.01883114551713949,0.85,4205,595
0.018619467098671995,0.85,4178,622
0.018405648846724375,0.85,4134,666
0.01852921341257982,0.85,4156,644
0.018332877927921366,0.85,4124,676
0.018711072018054623,0.85,4228,572
0.019224069941869818,0.85,4290,510
0.019183611858615193,0.85,4265,535
0.018876185005113184,0.85,4211,589
0.01851357080473983,0.85,4129,671
0.018480755103794332,0.85,4167,633
0.018713641834291788,0.85,4183,617
0.018872540357537302,0.85,4265,535
0.019725091184520722,0.85,4392,408
0.02082825184776545,0.8,2971,1829
0.02137880908667231,0.8,3070,1730
0.021826126730387897,0.8,3125,1675
0.021615500420359573,0.8,3100,1700
0.021182291170738363,0.8,3014,1786
0.020175278652062197,0.8,2840,1960
0.020186721569038554,0.8,2861,1939
0.01931848462294691,0.85,4288,512
0.01881168769606993,0.85,4245,555
0.018762819437181208,0.85,4212,588
0.018656800702062347,0.85,4188,612
0.019004875844041667,0.85,4267,533
0.02015076036162318,0.8,2865,1935
0.020845567893654358,0.8,2979,1821
0.021169419243610085,0.8,3057,1743
0.021518955554496153,0.8,3100,1700
0.021374324628296453,0.8,3058,1742
0.021426367372746218,0.8,3101,1699
0.021787934005217315,0.8,3148,1652
0.020647499156934902,0.8,2962,1838
0.019530063776360188,0.85,4343,457
0.01895781360585896,0.85,4228,572
0.01856606377025801,0.85,4159,641
0.018292907429198486,0.85,4127,673
0.01898314861858086,0.85,4265,535
0.01992900793206609,0.85,4399,401
0.019693429004652437,0.85,4371,429
0.020537688790345145,0.8,2911,1889
0.02143000834650037,0.8,3073,1727
0.021421154823179505,0.8,3112,1688
0.021518827973975835,0.8,3114,1686
0.02071483467883789,0.8,2940,1860
0.02017222151666593,0.8,2847,1953
0.01976601094641571,0.85,4378,422
0.019396579125201978,0.85,4325,475
0.019139086887347015,0.85,4258,542
0.019809359978245004,0.8,2828,1972
0.02051172586250633,0.8,2899,1901
0.020351228477493183,0.8,2925,1875
0.020927470539204882,0.8,3005,1795
0.019853853707758492,0.85,4390,410
0.019207996238548616,0.85,4290,510
0.018630852545301252,0.85,4167,633
0.018557152846947828,0.85,4183,617
0.018350817986220083,0.85,4113,687
0.017950852455701147,0.85,4068,732
0.018036632319792342,0.85,4071,729
0.018035777625398146,0.85,4057,743
0.01850110602763208,0.85,4207,593
0.019455141860620848,0.85,4318,482
0.019385516034042923,0.85,4327,473
0.019685524517296153,0.85,4359,441
0.020766426112677816,0.8,2994,1806
0.021035441984100303,0.8,3021,1779
0.021345632285136255,0.8,3082,1718
0.021586209296735503,0.8,3084,1716
0.020865534556057407,0.8,2961,1839
0.01973157596919288,0.85,4372,428
0.019230706887642904,0.85,4276,524
0.019301569463770447,0.85,4303,497
0.01876478058476729,0.85,4184,616
0.018638983029161733,0.85,4206,594
0.018798242681736962,0.85,4201,599
0.018627186677067028,0.85,4186,614
0.019085540024329183,0.85,4305,495
0.02127278280597237,0.8,3053,1747
0.023084173267372672,0.8,3363,1437
0.023886972612236462,0.8,3465,1335
0.023617544765265064,0.8,3461,1339
0.021851828478544374,0.8,3113,1687
0.02062513608761627,0.8,2928,1872
0.019866370712343415,0.85,4383,417
0.019133331310761524,0.85,4254,546
0.019681690059395004,0.8,2810,1990
0.020056786624860986,0.8,2814,1986
0.01964424357424955,0.85,4396,404
0.019943557383176026,0.85,4388,412
0.020386830209942294,0.8,2926,1874
0.02066220708264913,0.8,2928,1872
0.020864646998479716,0.8,3017,1783
0.021501306028747426,0.8,3101,1699
0.021346001534094956,0.8,3050,1750
0.020203668760826292,0.8,2858,1942
0.019724905589639453,0.85,4369,431
0.019173769565793638,0.85,4263,537
0.019531277287842153,0.8,2812,1988
0.020118055727567013,0.8,2847,1953
0.020534653105081468,0.8,2969,1831
0.02074413233121809,0.8,2937,1863
0.019945622032644564,0.8,2825,1975
0.01974548956864746,0.85,4375,425
0.0197933024456223,0.85,4383,417
0.019137694316835784,0.85,4266,534
0.01838033698076676,0.85,4118,682
0.018023092117160924,0.85,4066,734
0.018103562030397456,0.85,4067,733
0.017813437020735866,0.85,4043,757
0.017631675824419588,0.85,4007,793
0.018660751321703237,0.85,4271,529
0.019782647264355295,0.85,4372,428
0.019987625083525685,0.8,2850,1950
0.020462574598373043,0.8,2874,1926
0.02081858159330403,0.8,2975,1825
0.02109217486447243,0.8,2952,1848
0.020607551326006186,0.8,2911,1889
0.020551840519357947,0.8,2901,1899
0.019929597572651957,0.85,4397,403
0.018890840423681117,0.85,4226,574
0.018393913321339196,0.85,4136,664
0.01825368372477868,0.85,4125,675
0.018930604243451537,0.85,4286,514
0.020349883352923506,0.8,2858,1942
0.02124903548322306,0.8,3050,1750
0.021563106197959907,0.8,3084,1716
0.021104062115335512,0.8,3025,1775
0.021386401509867994,0.8,3074,1726
0.021572343625739135,0.8,3124,1676
0.021621095264196963,0.8,3125,1675
0.020940859038677154,0.8,2977,1823
0.019608475735830043,0.85,4320,480
0.018795768216869322,0.85,4207,593
0.018619622336107144,0.85,4153,647
0.018256374836661288,0.85,4112,688
0.019514072842089187,0.85,4371,429
0.020932760723984253,0.8,2966,1834
0.021603875496704297,0.8,3111,1689
0.021075023252547037,0.8,2995,1805
0.020604007226079503,0.8,2905,1895
0.019925396549400023,0.8,2822,1978
0.019892531291553092,0.8,2821,1979
0.01969654066653857,0.85,4370,430
0.019177466049138486,0.85,4266,534
0.018182832091847803,0.85,4103,697
0.018037784622090026,0.85,4059,741
0.018293823410705182,0.85,4139,661
0.019112089503805288,0.85,4283,517
0.019362970575190232,0.85,4297,503
0.02004126191308718,0.8,2830,1970
0.020144575320888466,0.8,2848,1952
0.019879048466153258,0.8,2821,1979
0.019976045279957163,0.8,2827,1973
0.019912464552167792,0.8,2809,1991
0.019989120498033152,0.8,2827,1973
0.019365444191081858,0.85,4305,495
0.01878106538715655,0.85,4212,588
0.01827182166825641,0.85,4120,680
0.01818399170434512,0.85,4118,682
0.019419909808817883,0.85,4323,477
0.020142812225959098,0.8,2845,1955
0.020818980497601208,0.8,2986,1814
0.021618983818803547,0.8,3101,1699
0.021468434918968084,0.8,3084,1716
0.02147131965892603,0.8,3074,1726
0.020481243835404395,0.8,2894,1906
0.020199002487355056,0.8,2847,1953
0.02010023977082316,0.8,2852,1948
0.01948676426422754,0.85,4343,457
0.018848765435879503,0.85,4210,590
0.01801963035818032,0.85,4080,720
0.018335776357445883,0.85,4153,647
0.019642581599218358,0.85,4379,421
0.020920838041271733,0.8,2971,1829
0.022109545294115976,0.8,3192,1608
0.022606599601717098,0.8,3249,1551
0.021936407202012714,0.8,3162,1638
0.021255596989860636,0.8,3044,1756
0.02110687148759833,0.8,3037,1763
0.02078078450320807,0.8,2945,1855
0.01970955939514773,0.85,4375,425
0.018968269340636192,0.85,4229,571
0.01874083673816755,0.85,4183,617
0.018663595692249655,0.85,4185,615
0.019912562094435312,0.8,2831,1969
0.02158523645616127,0.8,3099,1701
0.021741830916245843,0.8,3149,1651
0.0221577720368199,0.8,3214,1586
0.021031697146312412,0.8,3000,1800
0.0205428304095871,0.8,2913,1887
0.019826625895209875,0.85,4379,421
0.019711625514255413,0.85,4396,404
0.019180205308130704,0.85,4266,534
0.01863273205492121,0.85,4176,624
0.018457205821520044,0.85,4140,660
0.018227625446960754,0.85,4103,697
0.018466394356567245,0.85,4207,593
0.01889755277861052,0.85,4239,561
0.019218179263045657,0.85,4304,496
0.0192889327603043,0.85,4291,509
0.01861206693123125,0.85,4176,624
0.018800462572780424,0.85,4219,581
0.01939271657952457,0.85,4370,430
0.019225490168426278,0.85,4317,483
0.019957234811831398,0.8,2866,1934
0.01983116323480772,0.85,4352,448
0.018937978240766637,0.85,4259,541
0.018753067847401307,0.85,4199,601
0.018743942611631856,0.85,4205,595
0.020102314833534175,0.8,2931,1869
0.02205706709651885,0.8,3161,1639
0.022587280658385268,0.8,3293,1507
0.02310313483188131,0.8,3361,1439
0.022344739548239984,0.8,3215,1585
0.021264226068072645,0.8,3050,1750
0.020467819237694116,0.8,2890,1910
0.01983092462951674,0.85,4378,422
0.01924934791474176,0.85,4276,524
0.01882462529012033,0.85,4207,593
0.01859055682925515,0.85,4157,643
0.01832529671753418,0.85,4128,672
0.018437917245395098,0.85,4166,634
0.019702747902022335,0.8,2808,1992
0.0215488057155204,0.8,3082,1718
0.02227557253484838,0.8,3247,1553
0.021958594519745377,0.8,3184,1616
0.021566983476973882,0.8,3084,1716
0.02092252440597802,0.8,2985,1815
0.020224629361893044,0.8,2848,1952
0.02010273320992322,0.8,2852,1948
0.019461558960777114,0.85,4319,481
0.019135538547041895,0.85,4297,503
0.018942146582715702,0.85,4222,578
0.019282584326185636,0.85,4352,448
0.021033392444371815,0.8,2993,1807
0.021239481578352374,0.8,3059,1741
0.0221138280396666,0.8,3213,1587
0.022699648781373975,0.8,3294,1506
0.021208108348876247,0.8,3059,1741
0.02014258079453487,0.8,2859,1941
0.019624085227275958,0.85,4347,453
0.019207842723103878,0.85,4265,535
0.018605977974694737,0.85,4171,629
0.018805483756248586,0.85,4225,575
0.018529919515293862,0.85,4135,665
0.017728130687687717,0.85,3998,802
0.018110531254000736,0.85,4067,733
0.01831566132628481,0.85,4124,676
0.018184319967115333,0.85,4125,675
0.01910851124841659,0.85,4289,511
0.019589650777874626,0.85,4353,447
0.019854260297720076,0.8,2835,1965
0.019910130080087192,0.85,4391,409
0.01995571066443035,0.8,2807,1993
0.01927804147175663,0.85,4282,518
0.01847660242043934,0.85,4167,633
0.018036425545322712,0.85,4072,728
0.018035917473907898,0.85,4070,730
0.01864538289080151,0.85,4198,602
0.020433240273431522,0.8,2906,1894
0.021307059088738815,0.8,3038,1762
0.02259972306138404,0.8,3313,1487
0.022153019371851095,0.8,3197,1603
0.021220759039747183,0.8,3070,1730
0.020754001940349362,0.8,2986,1814
0.01993695308258577,0.8,2808,1992
0.01943223533685312,0.85,4329,471
0.019123101001262976,0.85,4266,534
0.018726505848967463,0.85,4211,589
0.018392541179445384,0.85,4130,670
0.01888904378216468,0.85,4272,528
0.0200728031508735,0.8,2830,1970
0.020279892750653075,0.8,2897,1903
0.020628980788156802,0.8,2940,1860
0.020404633546869017,0.8,2884,1916
0.02095813610280154,0.8,3021,1779
0.021476879211537788,0.8,3112,1688
0.021357199395358538,0.8,3113,1687
0.021057402734823854,0.8,3000,1800
0.019833891468974112,0.85,4372,428
0.019348010933271303,0.85,4294,506
0.01891658062638949,0.85,4221,579
0.01856820619759835,0.85,4170,630
0.019072817735565708,0.85,4266,534
0.019828926722742272,0.85,4397,403
0.020520546916572457,0.8,2916,1884
0.020843511761729678,0.8,2963,1837
0.020897679723020264,0.8,2951,1849
0.02018119565128407,0.8,2841,1959
0.020298366391843004,0.8,2873,1927
0.02002443970076004,0.8,2808,1992
0.019330058344852543,0.85,4325,475
0.0189331837757551,0.85,4222,578
0.0190425632147911,0.85,4276,524
0.01891132500437725,0.85,4234,566
0.019148296161269562,0.85,4302,498
0.020171501955819668,0.8,2866,1934
0.02048174422728814,0.8,2925,1875
0.02022261561326636,0.8,2875,1925
0.0204759442368056,0.8,2904,1896
0.019914436764333167,0.85,4393,407
0.018989287815333777,0.85,4247,553
0.019015269215866108,0.85,4271,529
0.01915884945532883,0.85,4258,542
0.018864174469013097,0.85,4263,537
0.018524757124224585,0.85,4136,664
0.018331053347295373,0.85,4111,689
0.018249280773262492,0.85,4104,696
0.018879465131367727,0.85,4309,491
0.02025727015625203,0.8,2870,1930
0.021057186875005057,0.8,3026,1774
0.021505837337273147,0.8,3074,1726
0.021049712202515843,0.8,3008,1792
0.020445622203788327,0.8,2891,1909
0.02005194554447418,0.8,2821,1979
0.020200632748627774,0.8,2865,1935
0.019002429080147647,0.85,4234,566
0.018511434247364268,0.85,4187,613
0.01847741651748177,0.85,4158,642
0.01822263158108047,0.85,4134,666
0.01936106944680794,0.85,4338,462
0.020261759764882595,0.8,2859,1941
0.020635880115071264,0.8,2961,1839
0.021363379298504095,0.8,3057,1743
0.021191065357507588,0.8,3038,1762
0.02118630057228912,0.8,3009,1791
0.020792878514436078,0.8,2939,1861
0.020587614976777524,0.8,2925,1875
0.019417831592266156,0.85,4348,452
0.019417831592266156,0.85,4208,592
0.019417831592266156,0.85,4169,631
0.019600079117750847,0.85,4354,446
0.022104170895805696,0.8,2961,1839
0.0216196210451893,0.8,3157,1643
0.022692121084545408,0.8,3267,1533
0.022629245346078374,0.8,3295,1505
0.021447926844555376,0.8,3066,1734
0.020521644058813036,0.8,2908,1892
0.020323867291507505,0.8,2883,1917
0.01994855820261519,0.8,2809,1991
0.01904538753103581,0.85,4262,538
0.01871253160580155,0.85,4190,610
0.01849669879411278,0.85,4139,661
0.018334594821952526,0.85,4136,664
0.019336054420058525,0.85,4308,492
0.019374775764213845,0.85,4304,496
0.01901839859217815,0.85,4256,544
0.018778533273234668,0.85,4188,612
0.019000397600854035,0.85,4285,515
0.019270370777779475,0.85,4300,500
0.01913017729416349,0.85,4289,511
0.019335201621447334,0.85,4298,502
0.019041996252166734,0.85,4234,566
0.018364855072397043,0.85,4125,675
0.018427724516365554,0.85,4140,660
0.01851451901741288,0.85,4146,654
0.018885340102132685,0.85,4296,504
0.020087441976201756,0.8,2829,1971
0.020545944471854146,0.8,2948,1852
0.021402527478970354,0.8,3068,1732
0.021200009403553613,0.8,3037,1763
0.02063981944624838,0.8,2934,1866
0.02026213567830523,0.8,2857,1943
0.01986207655816897,0.85,4395,405
0.019359370736511554,0.85,4304,496
0.018878031646310352,0.85,4242,558
0.018946922538627682,0.85,4238,562
0.018843626279429808,0.85,4231,569
0.01952679265610152,0.85,4400,400
0.021553320595835652,0.8,3046,1754
0.02252169074558785,0.8,3266,1534
0.02370335144852988,0.8,3465,1335
0.023969009678282117,0.8,3528,1272
0.022300799108228783,0.8,3216,1584
0.0211333889647799,0.8,3022,1778
0.020639910911795546,0.8,2929,1871
0.020115891522229798,0.8,2839,1961
0.019634691145419682,0.85,4374,426
0.019463775647811425,0.85,4325,475
0.019265091520196516,0.85,4281,519
0.019464681318448453,0.85,4340,460
0.020711351356303677,0.8,2989,1811
0.02199517917629123,0.8,3192,1608
0.022972779908974558,0.8,3334,1466
0.023816848108960443,0.8,3527,1273
0.022321114635507604,0.8,3250,1550
0.021275231436232615,0.8,3064,1736
0.020444201583431743,0.8,2894,1906
0.01956223193039528,0.85,4341,459
0.019375468539029286,0.85,4317,483
0.019126850006288963,0.85,4262,538
0.01869298299807359,0.85,4171,629
0.01841867967565526,0.85,4129,671
0.018418527545566325,0.85,4153,647
0.018728358244251196,0.85,4199,601
0.01873004133745712,0.85,4212,588
0.01878147164312183,0.85,4208,592
0.018909912849813887,0.85,4225,575
0.019284303710276333,0.85,4311,489
0.01915935842648073,0.85,4277,523
0.019506959364377633,0.85,4363,437
0.020320509789021158,0.8,2865,1935
0.020149526059254116,0.8,2873,1927
0.019326449695741696,0.85,4291,509
0.018919331223362864,0.85,4234,566
0.019109968721809423,0.85,4265,535
0.0198221505723803,0.8,2859,1941
0.021052348435316698,0.8,3009,1791
0.021248037931612035,0.8,3044,1756
0.022181887202867675,0.8,3247,1553
0.021803376336179226,0.8,3149,1651
0.020717991850764155,0.8,2989,1811
0.02020613952162822,0.8,2866,1934
0.019878296606118544,0.8,2809,1991
0.019635933261866266,0.85,4370,430
0.01916564021476502,0.85,4286,514
0.01901168497980773,0.85,4245,555
0.018678141419486375,0.85,4167,633
0.018592000005695337,0.85,4187,613
0.019725264630586145,0.8,2817,1983
0.02175429291027937,0.8,3144,1656
0.022120913050886214,0.8,3197,1603
0.02118674384050249,0.8,3028,1772
0.02086178222673988,0.8,2988,1812
0.02089091376029393,0.8,3000,1800
0.020345866063355977,0.8,2894,1906
0.020366675985576777,0.8,2886,1914
0.020354034915334187,0.8,2867,1933
0.019780809337685324,0.85,4371,429
0.019283694957731964,0.85,4268,532
0.01935031606502249,0.85,4304,496
0.0202023643867346,0.8,2910,1890
0.02141820128846794,0.8,3060,1740
0.02168287929891971,0.8,3113,1687
0.02223814124444624,0.8,3213,1587
0.021567524310556654,0.8,3086,1714
0.020873584046131464,0.8,2977,1823
0.020426598326881235,0.8,2894,1906
0.01938138222461354,0.85,4302,498
0.019030223594125657,0.85,4253,547
0.018901303638410766,0.85,4240,560
0.01866769704419982,0.85,4187,613
0.018281611788910582,0.85,4103,697
0.01841228301116207,0.85,4141,659
0.018292904579124955,0.85,4091,709
0.018517326689925562,0.85,4232,568
0.019341613967480256,0.85,4294,506
0.01898660057182348,0.85,4287,513
0.019690572133929232,0.85,4379,421
0.019873211006301173,0.85,4385,415
0.019796509657851107,0.8,2807,1993
0.019491878725793457,0.85,4325,475
0.018894907874278277,0.85,4213,587
0.0185571484941488,0.85,4140,660
0.018509477912471456,0.85,4155,645
0.018871404399185686,0.85,4215,585
0.019969057411903034,0.8,2836,1964
0.020749665809828274,0.8,2953,1847
0.0210500419232387,0.8,3024,1776
0.02095410397750224,0.8,2989,1811
0.02092588702903379,0.8,2983,1817
0.0214725940252426,0.8,2940,1860
0.020954457020065306,0.8,2926,1874
0.020468389175161826,0.8,2908,1892
0.020490552962675514,0.8,2874,1926
0.019997065296657936,0.8,2807,1993
0.019933914860109703,0.8,2820,1980
0.019969326870974077,0.85,4402,398
0.020485572652663243,0.8,2945,1855
0.02132511698703634,0.8,3040,1760
0.02115439832178831,0.8,3065,1735
0.02192731208608372,0.8,3198,1602
0.021835378732253358,0.8,3126,1674
0.021149142603791346,0.8,3043,1757
0.021099907577149014,0.8,3010,1790
0.02073642438008931,0.8,2951,1849
0.02036276927603836,0.8,2901,1899
0.02037556206846253,0.8,2894,1906
0.01981221477760702,0.85,4364,436
0.01880953476810084,0.85,4206,594
0.01886668034764578,0.85,4227,573
0.020048256883023103,0.8,2904,1896
0.02193147175630533,0.8,3110,1690
0.02191166375597211,0.8,3184,1616
0.021905853679738286,0.8,3127,1673
0.020576141858367314,0.8,2914,1886
0.01987928718213263,0.85,4400,400
0.01944455606782188,0.85,4300,500
0.01934671243528886,0.85,4335,465
0.019385275758443926,0.85,4304,496
0.01898505567708427,0.85,4259,541
0.018927448329749783,0.85,4213,587
0.018818205011319273,0.85,4206,594
0.019118491249367084,0.85,4293,507
0.019453172045316335,0.85,4335,465
0.019694245397508234,0.85,4391,409
0.020096487949593334,0.8,2812,1988
0.020141783810496642,0.8,2859,1941
0.02064949505906733,0.8,2951,1849
0.019884134775582638,0.85,4401,399
0.02030980769744676,0.8,2930,1870
0.01990521112566295,0.85,4384,416
0.019186106690911385,0.85,4318,482
0.018830474494271086,0.85,4185,615
0.01873462863067209,0.85,4228,572
0.01934786719965908,0.85,4325,475
0.020292061337646185,0.8,2893,1907
0.02138991963251551,0.8,3070,1730
0.021560313496982023,0.8,3079,1721
0.021507147203102733,0.8,3066,1734
0.02115961054255116,0.8,3009,1791
0.021273045124696795,0.8,3068,1732
0.021169706161779454,0.8,3000,1800
0.020453152744315833,0.8,2904,1896
0.020048501602967596,0.8,2813,1987
0.01921199858387041,0.85,4263,537
0.018615651705956717,0.85,4163,637
0.01877673908579021,0.85,4220,580
0.020222184765822403,0.8,2891,1909
0.02136424867227166,0.8,3029,1771
0.021431082235916544,0.8,3101,1699
0.022424389216343814,0.8,3269,1531
0.022718320161061352,0.8,3331,1469
0.0219726397003256,0.8,3183,1617
0.02111989964277754,0.8,3013,1787
0.020882629362987952,0.8,2977,1823
0.02062134456391699,0.8,2922,1878
0.01963160469334052,0.85,4367,433
0.019019944546174027,0.85,4229,571
0.019035218686601386,0.85,4236,564
0.019531796866193947,0.85,4350,450
0.020649304608309004,0.8,2944,1856
0.02211246898508958,0.8,3191,1609
0.02304891037658332,0.8,3334,1466
0.02173010543614097,0.8,3114,1686
0.020579610582038832,0.8,2928,1872
0.01981139211608556,0.85,4375,425
0.01900965649627114,0.85,4234,566
0.01868311419059987,0.85,4187,613
0.018103478809309476,0.85,4055,745
0.017855232419279967,0.85,4043,757
0.01791740951773392,0.85,4054,746
0.01803173454641852,0.85,4070,730
0.018342350166415253,0.85,4149,651
0.01888527240704884,0.85,4230,570
0.020024524692981348,0.8,2816,1984
0.019768173103571603,0.85,4371,429
0.019613996512525152,0.85,4369,431
0.019924757079204065,0.85,4395,405
0.020182049868253348,0.8,2867,1933
0.020557279268038537,0.8,2926,1874
0.019840422793359822,0.85,4377,423
0.019272369394974315,0.85,4276,524
0.019117571182842363,0.85,4280,520
0.018804288667677645,0.85,4220,580
0.019595906388443805,0.8,2867,1933
0.02138162338708457,0.8,3049,1751
0.022013677341678976,0.8,3215,1585
0.02262480581841244,0.8,3274,1526
0.021805796952095922,0.8,3125,1675
0.02075414671951559,0.8,2939,1861
0.020063458591852518,0.8,2819,1981
0.019773641871959815,0.85,4380,420
0.019480156851118282,0.85,4336,464
0.018843252419093674,0.85,4221,579
0.019008249680880697,0.85,4245,555
0.01877342356985932,0.85,4188,612
0.019408023383168632,0.8,2870,1930
0.02191638999155281,0.8,3145,1655
0.022615739167155462,0.8,3314,1486
0.023857753582296547,0.8,3499,1301
0.02449872511741285,0.8,3564,1236
0.02279271876711087,0.8,3313,1487
0.021820402714396944,0.8,3160,1640
0.021089205614339135,0.8,3013,1787
0.020278885508526964,0.8,2864,1936
0.0199975393179512,0.8,2837,1963
0.01967337655220671,0.85,4343,457
0.019795149946021495,0.85,4393,407
0.020358664661105974,0.8,2866,1934
0.021262807382149335,0.8,3115,1685
0.023325997450332803,0.8,3360,1440
0.024365407776074502,0.8,3615,1185
0.02467279361579497,0.8,3617,1183
0.022633203669207593,0.8,3272,1528
0.021206014518448363,0.8,3024,1776
0.020231151318074268,0.8,2868,1932
0.019500531194081364,0.85,4328,472
0.019144634990776344,0.85,4259,541
0.019054163029348425,0.85,4255,545
0.01861026671287658,0.85,4176,624
0.018663960535986124,0.85,4187,613
0.01891305856059257,0.85,4227,573
0.019202257517067892,0.85,4304,496
0.019251719904406252,0.85,4297,503
0.019643502624799067,0.85,4363,437
0.019537023185548848,0.85,4335,465
0.0196135450530084,0.85,4370,430
0.019901739042702773,0.85,4401,399
0.02000687429648913,0.8,2824,1976
0.020439446871845804,0.8,2913,1887
0.01977523967100681,0.85,4357,443
0.019604904466622306,0.85,4358,442
0.018971919664462367,0.85,4234,566
0.018636608385609276,0.85,4195,605
0.019711051984952814,0.8,2808,1992
0.02000390020988403,0.8,2841,1959
0.020570451687452015,0.8,2955,1845
0.021177692568112454,0.8,3037,1763
0.020764145948389268,0.8,2961,1839
0.02010475004665158,0.8,2831,1969
0.019963526764347105,0.8,2824,1976
0.01982834478842038,0.85,4366,434
0.01874809998373002,0.85,4207,593
0.01841950432386666,0.85,4153,647
0.018317939922806337,0.85,4112,688
0.018054607526726378,0.85,4093,707
0.018941968313898987,0.85,4265,535
0.020854588379187924,0.8,2946,1854
0.021667609381326836,0.8,3100,1700
0.022241182715015646,0.8,3233,1567
0.02264907337562426,0.8,3293,1507
0.021724210342602857,0.8,3149,1651
0.02105081262066314,0.8,3015,1785
0.021024981722601817,0.8,3005,1795
0.019893836990168362,0.8,2807,1993
0.019159462443743846,0.85,4285,515
0.019166071487543034,0.85,4286,514
0.0192208438554788,0.85,4284,516
0.019573371995224166,0.85,4382,418
0.02096757760180303,0.8,3005,1795
0.02166559420289547,0.8,3112,1688
0.022091261680402707,0.8,3182,1618
0.02168760984987799,0.8,3102,1698
0.020519908298178208,0.8,2905,1895
0.02015982631083972,0.8,2836,1964
0.019901679968150784,0.85,4394,406
0.019495308241415973,0.85,4338,462
0.01910242879994743,0.85,4266,534
0.019113032196618286,0.85,4266,534
0.018659367499060046,0.85,4173,627
0.018692954520719313,0.85,4228,572
0.01854611728522292,0.85,4154,646
0.01865104503799745,0.85,4254,546
0.019306916791747144,0.85,4300,500
0.01923431496629284,0.85,4324,476
0.019445845118702582,0.85,4306,494
0.019578014836313516,0.85,4335,465
0.019717679600967517,0.85,4372,428
0.01984979911119131,0.8,2808,1992
0.019538769721321503,0.85,4353,447
0.019247875702219655,0.85,4278,522
0.01886054408720196,0.85,4222,578
0.018629448903629272,0.85,4177,623
0.019342448450727905,0.85,4399,401
0.020395346804918182,0.8,2904,1896
0.020503872949299746,0.8,2938,1862
0.02102924722248338,0.8,2992,1808
0.020992284729436594,0.8,2988,1812
0.02061391586670302,0.8,2925,1875
0.020859078437790484,0.8,2992,1808
0.020587345348081133,0.8,2905,1895
0.020275957300765847,0.8,2847,1953
0.019251907481911894,0.85,4290,510
0.018841697747649884,0.85,4222,578
0.01857088965986462,0.85,4141,659
0.01894955432203381,0.85,4303,497
0.020809151292242468,0.8,2925,1875
0.021038463127419044,0.8,3016,1784
0.0213082038521572,0.8,3065,1735
0.02156678397121318,0.8,3084,1716
0.02043300843085076,0.8,2895,1905
0.02039424920708064,0.8,2910,1890
0.020382336303574652,0.8,2898,1902
0.019874160398591842,0.8,2830,1970
0.01968938574662552,0.85,4376,424
0.019154912734688636,0.85,4259,541
0.018618330763619476,0.85,4172,628
0.018620225913385042,0.85,4179,621
0.01946503050215713,0.8,2812,1988
0.020449808082712167,0.8,2900,1900
0.020792711615231947,0.8,2998,1802
0.021764909576400933,0.8,3159,1641
0.021012202203953126,0.8,3013,1787
0.02045606624412466,0.8,2930,1870
0.020015428545523652,0.8,2827,1973
0.019785592777046706,0.85,4401,399
0.019886639943702638,0.85,4400,400
0.019039368328495572,0.85,4252,548
0.018798921180347625,0.85,4187,613
0.01821286636019197,0.85,4084,716
0.01797596214053896,0.85,4072,728
0.018592014224918796,0.85,4187,613
0.01958054523732659,0.85,4370,430
0.019666366564966092,0.85,4372,428
0.019694236352900612,0.85,4380,420
0.019864869036541163,0.85,4381,419
0.02002157160040479,0.8,2820,1980
0.01990299251228373,0.8,2819,1981
0.01992085061325386,0.8,2811,1989
0.019543732851943628,0.85,4337,463
0.018958281837941557,0.85,4226,574
0.018646106468480108,0.85,4197,603
0.018548614715071486,0.85,4166,634
0.018347199509620778,0.85,4125,675
0.019008714698394054,0.85,4307,493
0.020343151935673286,0.8,2881,1919
0.02066283876587936,0.8,2975,1825
0.02076084183159872,0.8,2946,1854
0.020789077442003794,0.8,2963,1837
0.020912875583504856,0.8,2974,1826
0.020302796924229906,0.8,2868,1932
0.02011337194482761,0.8,2846,1954
0.019935372021177743,0.85,4400,400
0.019469961978933806,0.85,4343,457
0.01955313202708619,0.85,4365,435
0.020189899062499912,0.8,2868,1932
0.021044212270377064,0.8,3045,1755
0.02276339166641829,0.8,3317,1483
0.0233873812028793,0.8,3402,1398
0.02265204442028054,0.8,3315,1485
0.022716969258224872,0.8,3331,1469
0.022051168207755194,0.8,3183,1617
0.021565544202032296,0.8,3125,1675
0.021066062809375403,0.8,3014,1786
0.020497706939200177,0.8,2899,1901
0.019992357743935575,0.8,2812,1988
0.023218002247276943,0.85,4383,417
0.023218002247276943,0.8,2952,1848
0.023218002247276943,0.8,3264,1536
0.02338931880633478,0.8,3382,1418
0.022306673720155133,0.8,3497,1303
0.022256026224624182,0.8,3216,1584
0.021303594433726567,0.8,3066,1734
0.02016629550407621,0.8,2858,1942
0.019477252484545057,0.85,4368,432
0.01926852828264919,0.85,4295,505
0.01891661229286108,0.85,4227,573
0.019172772942839006,0.85,4304,496
0.019207402683967607,0.85,4267,533
0.019223703816219406,0.85,4330,470
0.019164908922030047,0.85,4238,562
0.018975616738917435,0.85,4262,538
0.019225274185755006,0.85,4262,538
0.01921484767154991,0.85,4311,489
0.02047679692039847,0.8,2927,1873
0.021655804312892872,0.8,3096,1704
0.02221771555056373,0.8,3212,1588
0.022575809571539426,0.8,3270,1530
0.02267902346326359,0.8,3249,1551
0.02104262895723068,0.8,2988,1812
0.019821376105995585,0.85,4366,434
0.019871394841938856,0.8,2838,1962
0.021297366216248205,0.8,3073,1727
0.023121112764937512,0.8,3315,1485
0.02358141169267932,0.8,3433,1367
0.023982579542478143,0.8,3498,1302
0.022452224512408844,0.8,3250,1550
0.021099749828263358,0.8,3023,1777
0.02013143033547925,0.8,2858,1942
0.0197670836795619,0.85,4382,418
0.01980834894164477,0.8,2812,1988
0.019559854935692,0.85,4365,435
0.019420066838879382,0.85,4326,474
0.019685373326597533,0.85,4358,442
0.020349150209874024,0.8,2924,1876
0.02236089993933307,0.8,3244,1556
0.023760730189010856,0.8,3436,1364
0.02417534362361779,0.8,3562,1238
0.024544614079697775,0.8,3619,1181
0.023299575163731302,0.8,3387,1413
0.022064877754339005,0.8,3183,1617
0.021522094161937934,0.8,3101,1699
0.02076591130174154,0.8,2950,1850
0.019758868543747667,0.85,4379,421
0.019901661083703736,0.8,2810,1990
0.019873410054060257,0.85,4388,412
0.01917484263515332,0.85,4266,534
0.020317695513450557,0.8,2982,1818
0.021950704403146525,0.8,3150,1650
0.022313730760921413,0.8,3320,1480
0.02303681618594873,0.8,3314,1486
0.02174841246124425,0.8,3102,1698
0.020385287813370897,0.8,2873,1927
0.019500590496067175,0.85,4326,474
0.01940872335589231,0.85,4329,471
0.019294805259037984,0.85,4305,495
0.019150567123927133,0.85,4289,511
0.018992074541464274,0.85,4222,578
0.01853021476810971,0.85,4141,659
0.018579744147432277,0.85,4199,601
0.019372113797476734,0.85,4362,438
0.01984047317156464,0.85,4391,409
0.02021072326764697,0.8,2867,1933
0.02035376025731274,0.8,2861,1939
0.02008292830710194,0.8,2837,1963
0.019891993622695503,0.85,4383,417
0.01946500688464386,0.85,4305,495
0.019309837914046807,0.85,4303,497
0.018700880648860344,0.85,4180,620
0.018635566968638904,0.85,4221,579
0.018472273572636796,0.85,4129,671
0.01848653671733117,0.85,4208,592
0.019607954304729027,0.85,4347,453
0.019355701896906476,0.85,4318,482
0.02013471726304426,0.8,2860,1940
0.020860803104592825,0.8,2938,1862
0.02063754639084591,0.8,2968,1832
0.020872365972681772,0.8,2961,1839
0.021249269722259427,0.8,3064,1736
0.021603467526383868,0.8,3102,1698
0.02033508552683209,0.8,2899,1901
0.019647181254257268,0.85,4366,434
0.019433744659956342,0.85,4324,476
0.018709840395886496,0.85,4190,610
0.01883034040334618,0.85,4245,555
0.018956269883118004,0.85,4230,570
0.018839873290808343,0.85,4245,555
0.019181277368893957,0.85,4288,512
0.019200764738150206,0.85,4298,502
0.020568832967298497,0.8,2986,1814
0.022464177566488056,0.8,3232,1568
0.022989369745690325,0.8,3364,1436
0.023411018565934832,0.8,3403,1397
0.02279555426978233,0.8,3314,1486
0.021743043785910875,0.8,3101,1699
0.020885106459539976,0.8,2946,1854
0.02006347905833181,0.8,2820,1980
0.019916447341471046,0.8,2817,1983
